token,loss
balloon</w>,-4.685034946305677e-05
balloons</w>,-0.001323323464021
ballon</w>,-0.0067129838280379
boeing</w>,-0.0095869619399309
airasia</w>,-0.0100179351866245
dreamliner</w>,-0.0136116258800029
rolf</w>,-0.0152123235166072
boeing,-0.0231236238032579
travelblog</w>,-0.0248171687126159
helium</w>,-0.0263914875686168
shuttle</w>,-0.0279288161545991
faa</w>,-0.0283111725002527
airline</w>,-0.0288926195353269
chey</w>,-0.0319699123501777
vesti,-0.0404807776212692
americanair</w>,-0.0409743934869766
airbus</w>,-0.0509395077824592
flye,-0.0515554770827293
ruk</w>,-0.052863772958517
anniversaire</w>,-0.0531992688775062
ryanair</w>,-0.0549608170986175
harrier</w>,-0.0674498751759529
jetblue</w>,-0.074273943901062
airlines</w>,-0.0822148621082305
klo,-0.0916259586811065
substitu,-0.0962225124239921
augu,-0.1032715961337089
qantas</w>,-0.1060026884078979
usair,-0.1105393320322036
ourage</w>,-0.1150198131799697
fills</w>,-0.1259602904319763
toge,-0.127165749669075
lufthansa</w>,-0.1281006187200546
airways</w>,-0.1322601288557052
aparty</w>,-0.1389813423156738
up</w>,-0.1552481800317764
bomber</w>,-0.1624400168657302
greenwich</w>,-0.1875812858343124
ghana</w>,-0.1886039078235626
emp,-0.1899982690811157
eming</w>,-0.191654086112976
ddd</w>,-0.1946553885936737
landing</w>,-0.2028435617685318
parachute</w>,-0.206309363245964
plane</w>,-0.2082955688238144
revival</w>,-0.211108312010765
ula,-0.2198390811681747
klm</w>,-0.2313593477010727
ðŁĳ¸,-0.235021099448204
landed</w>,-0.240576684474945
spad,-0.2408564835786819
air</w>,-0.2418250888586044
jet</w>,-0.243545264005661
airplane</w>,-0.2699037194252014
mccaf,-0.277269572019577
torpedo</w>,-0.2778335809707641
dler</w>,-0.2919597625732422
cessna</w>,-0.3155111968517303
turbul,-0.3256179392337799
jammu</w>,-0.3304574191570282
aviation,-0.3449801206588745
safar,-0.3505401611328125
airplanes</w>,-0.3652650117874145
cant</w>,-0.3694125413894653
rocket,-0.3794207870960235
airforce</w>,-0.3807652592658996
ghan</w>,-0.3813032209873199
happiness</w>,-0.3878102898597717
velocity</w>,-0.3924008309841156
eras,-0.3937165439128876
tagne</w>,-0.4139539897441864
submerged</w>,-0.414141297340393
biaf,-0.4147883951663971
etihad</w>,-0.4162065982818603
fruitful</w>,-0.4169537127017975
iah</w>,-0.4229028820991516
fcs</w>,-0.4246286451816559
hairs</w>,-0.4254949986934662
fruits</w>,-0.4297032356262207
airborne</w>,-0.4324511587619781
aircraft</w>,-0.4480525255203247
typhoon</w>,-0.4736711978912353
toy,-0.4818755388259887
rown,-0.4995616972446441
fall,-0.5046334862709045
poyn,-0.5082029104232788
newe,-0.5083536505699158
lander,-0.5208158493041992
aviation</w>,-0.532017171382904
ill,-0.5373249650001526
yyc</w>,-0.5507745742797852
bombardier</w>,-0.5537077188491821
lanterns</w>,-0.5578615665435791
heathrow</w>,-0.5596392154693604
pia</w>,-0.5610470771789551
refusing</w>,-0.5631357431411743
lanc,-0.5671538710594177
asen,-0.5828762054443359
pastoral</w>,-0.5920923352241516
prequel</w>,-0.5988551378250122
airshow</w>,-0.6049127578735352
crying</w>,-0.6063927412033081
constructive</w>,-0.6121772527694702
spitfire</w>,-0.6291465163230896
sof</w>,-0.6303947567939758
kites</w>,-0.641764760017395
argentina</w>,-0.6420240998268127
ballard</w>,-0.6505062580108643
colin</w>,-0.6515355706214905
bulbs</w>,-0.6529068946838379
ðŁı½,-0.6623073220252991
antis</w>,-0.6669628620147705
verage</w>,-0.6685383319854736
maken,-0.6802441477775574
expla,-0.68086177110672
brilliantly</w>,-0.684323251247406
happyeaster</w>,-0.7067886590957642
pto,-0.7098032832145691
takeoff</w>,-0.7180425524711609
wson</w>,-0.7212122082710266
punctu,-0.7235321998596191
umbrellas</w>,-0.7236432433128357
turkeys</w>,-0.7297696471214294
planes</w>,-0.7341678738594055
peach,-0.7953198552131653
avgeek</w>,-0.8048779368400574
flying</w>,-0.8074635863304138
customs</w>,-0.8174605965614319
arc</w>,-0.8177723288536072
emirates,-0.8214701414108276
merged</w>,-0.8258400559425354
comedy,-0.8313835263252258
-)</w>,-0.8314993381500244
gf,-0.8439100384712219
acry,-0.8501872420310974
supple,-0.8587064146995544
kair,-0.858785092830658
doom</w>,-0.8607399463653564
berries</w>,-0.8644282817840576
qld</w>,-0.8686997890472412
grape</w>,-0.8730096817016602
physicians</w>,-0.874681293964386
purÃ©e</w>,-0.8768978714942932
baz,-0.8772804141044617
sonic,-0.879758358001709
savoy</w>,-0.8821560144424438
fli,-0.8827419877052307
mellow</w>,-0.8842076063156128
stickers</w>,-0.8971611857414246
cavali,-0.898307740688324
forkids</w>,-0.9036026000976562
captivity</w>,-0.912243664264679
devotion</w>,-0.9138213396072388
divers,-0.9140956401824952
smokey</w>,-0.9144611954689026
supre,-0.919970452785492
conting,-0.9201271533966064
rooster</w>,-0.9206559062004088
handler</w>,-0.922892153263092
vill,-0.9248903393745422
airspace</w>,-0.9290711283683776
sac,-0.9309005737304688
rogue</w>,-0.9339056015014648
harvest,-0.9417247176170348
amer,-0.9454774856567384
oled</w>,-0.9505681991577148
wonder,-0.9512391090393066
entom,-0.9602978229522704
mushroom</w>,-0.9635987877845764
species</w>,-0.966718316078186
hant,-0.9708895683288574
âĺĿ,-0.9846181869506836
oe</w>,-0.9928489923477172
analyse</w>,-0.9956455230712892
rue,-0.9961776733398438
versatile</w>,-0.9984194040298462
fountains</w>,-0.9997336864471436
nephews</w>,-1.00101637840271
ails</w>,-1.0055737495422363
sunny,-1.0061733722686768
opla,-1.0074560642242432
kentu,-1.0134243965148926
bubble</w>,-1.0204253196716309
gregation</w>,-1.0215599536895752
amba</w>,-1.0267871618270874
believer</w>,-1.0302908420562744
isro</w>,-1.0309988260269165
iac,-1.0396147966384888
liebe</w>,-1.041466236114502
resu,-1.050751566886902
sometime</w>,-1.051830768585205
ugh,-1.0521044731140137
twelve</w>,-1.0602952241897583
alam,-1.0616289377212524
bombers</w>,-1.0625191926956177
emirates</w>,-1.0639870166778564
flying,-1.06669020652771
bak,-1.0708754062652588
fruity</w>,-1.0716218948364258
.''</w>,-1.0740512609481812
ibs</w>,-1.074144721031189
freshness</w>,-1.084478497505188
scotland</w>,-1.0883772373199463
icn</w>,-1.0894787311553955
jet,-1.0914239883422852
festiv,-1.0915491580963137
flowers</w>,-1.0933082103729248
ounts</w>,-1.1083457469940186
aerop,-1.1112760305404663
iowa,-1.1163017749786377
disneyworld</w>,-1.1167372465133667
secular,-1.11772358417511
rently</w>,-1.1178393363952637
drone,-1.1189769506454468
revelations</w>,-1.1217087507247925
royale</w>,-1.1242268085479736
viadu,-1.129420280456543
concord</w>,-1.1310949325561523
ðŁĴ°,-1.133745789527893
stry</w>,-1.1342782974243164
rai,-1.1492828130722046
spied</w>,-1.150518536567688
ibc</w>,-1.1522177457809448
mitigation</w>,-1.1522570848464966
visualize</w>,-1.1533656120300293
wexmondays</w>,-1.155429482460022
heartland</w>,-1.1567949056625366
discoun,-1.1576958894729614
mcu</w>,-1.157738208770752
eding</w>,-1.1644296646118164
cel,-1.1667039394378662
dyer</w>,-1.168275237083435
searching</w>,-1.168996810913086
angp</w>,-1.171680569648743
credenti,-1.192592978477478
suka</w>,-1.1953052282333374
sawyer</w>,-1.2078455686569214
mooney</w>,-1.2122735977172852
llan,-1.2138434648513794
rh,-1.214669704437256
associates</w>,-1.219345211982727
waite</w>,-1.2272342443466189
bels</w>,-1.2285929918289185
auster,-1.2296580076217651
lawn,-1.2348036766052246
glider</w>,-1.2358883619308472
onion</w>,-1.236344575881958
achilles</w>,-1.2391008138656616
revolu,-1.2410485744476318
wilson</w>,-1.2425856590270996
scrump,-1.248745322227478
uas</w>,-1.249659776687622
air,-1.2522354125976562
chives</w>,-1.2524082660675049
jol,-1.2557933330535889
hhhh,-1.257799744606018
lanta</w>,-1.259040594100952
epilots</w>,-1.2605515718460083
sei</w>,-1.2613250017166138
adoration</w>,-1.2649221420288086
devastation</w>,-1.2657943964004517
bola</w>,-1.2689460515975952
project,-1.269917130470276
poll</w>,-1.271691918373108
ðŁĩ®ðŁĩ,-1.2729477882385254
ðŁĺĤðŁĺĤðŁĺĤðŁĺĤ,-1.2742304801940918
chromatic</w>,-1.27557110786438
clusters</w>,-1.2797366380691528
serrano</w>,-1.2826626300811768
bloss,-1.285855770111084
tomat,-1.2866342067718506
changer</w>,-1.2873010635375977
intrigue</w>,-1.2878520488739014
ascent</w>,-1.2901970148086548
natic</w>,-1.2928948402404783
manas,-1.2940995693206787
pros,-1.297760009765625
caterpillar</w>,-1.3043543100357056
footballer</w>,-1.3046255111694336
commerci,-1.3047150373458862
mario,-1.3048973083496094
vibrant</w>,-1.3051148653030396
thic</w>,-1.3119739294052124
clow,-1.3258428573608398
channel,-1.3278254270553589
lonelyplanet</w>,-1.3289068937301636
volunte,-1.3321828842163086
familyfun</w>,-1.334941864013672
create,-1.3393884897232056
appalachian</w>,-1.3418726921081543
stingly</w>,-1.341944694519043
septe,-1.3468754291534424
vulcan</w>,-1.3513087034225464
thr</w>,-1.357800841331482
alike</w>,-1.359644055366516
moni,-1.3644355535507202
intrin,-1.36567223072052
blankets</w>,-1.3671759366989136
forgot</w>,-1.368314504623413
laa</w>,-1.380122423171997
disab,-1.3827589750289917
ratchet</w>,-1.3833707571029663
aviator</w>,-1.384005069732666
audu,-1.386757731437683
dale,-1.3920460939407349
fig,-1.3993849754333496
tangerine</w>,-1.401116132736206
decorations</w>,-1.403246283531189
gust</w>,-1.4051234722137451
zek</w>,-1.4065465927124023
quadcopter</w>,-1.4099446535110474
notjustlakes</w>,-1.410183072090149
bookworm</w>,-1.414087176322937
sper</w>,-1.414681911468506
ulture</w>,-1.4148555994033811
awan,-1.4167242050170898
releg,-1.4212383031845093
med</w>,-1.422129511833191
swivel</w>,-1.4227858781814575
influ,-1.4256716966629028
chou,-1.4313807487487793
dcs</w>,-1.4317187070846558
buckeyes</w>,-1.4360917806625366
ðŁĺĩ</w>,-1.4372965097427368
ooooooo</w>,-1.438189148902893
ght,-1.4433101415634155
gameon</w>,-1.4445215463638306
eur</w>,-1.4456368684768677
tok</w>,-1.4469584226608276
âļªï¸ı</w>,-1.456773281097412
fairytale</w>,-1.4578062295913696
rare,-1.4584310054779053
attack,-1.4644259214401243
ssin</w>,-1.4662457704544067
glob,-1.4703916311264038
ur,-1.4780197143554688
spotting</w>,-1.478062391281128
adio</w>,-1.4832921028137207
militi,-1.4957114458084106
alge,-1.5003883838653564
enroll,-1.511939287185669
flown</w>,-1.5158015489578247
aerial</w>,-1.5197148323059082
capit,-1.5210745334625244
nr,-1.5217655897140503
bama</w>,-1.529783010482788
tebow</w>,-1.5303188562393188
°ï¸ı</w>,-1.5324337482452393
uplifting</w>,-1.5362095832824707
chao</w>,-1.5414146184921265
steps</w>,-1.5432941913604736
monte,-1.546882152557373
orkney</w>,-1.5475953817367554
valenci,-1.5485132932662964
ðŁĳŃ,-1.548609495162964
asph,-1.5494801998138428
shru,-1.5505045652389526
sburgh</w>,-1.5519253015518188
spirits</w>,-1.5541009902954102
anticip,-1.5549834966659546
lowers</w>,-1.5559041500091553
wirral</w>,-1.55638587474823
weiser</w>,-1.5570439100265503
grapes</w>,-1.5576822757720947
lyme</w>,-1.5584745407104492
zucker,-1.5672540664672852
lolli,-1.5681554079055786
camps</w>,-1.5692715644836426
kashmir,-1.569344162940979
volunteering</w>,-1.57179594039917
adju,-1.5747476816177368
newyear</w>,-1.5774528980255127
upl,-1.5792769193649292
summari,-1.5812997817993164
ream,-1.584284782409668
mesmeri,-1.591713786125183
addic,-1.592276692390442
hert,-1.5924489498138428
annie</w>,-1.598790407180786
blood,-1.5988702774047852
usairforce</w>,-1.5992850065231323
pmi</w>,-1.6025395393371582
beets</w>,-1.6079045534133911
vegetable</w>,-1.6084657907485962
poppin</w>,-1.6085375547409058
"],</w>",-1.6088876724243164
gainesville</w>,-1.609519362449646
monste,-1.6153463125228882
discu,-1.621211290359497
bahrain</w>,-1.6347801685333252
oosa</w>,-1.6359186172485352
buds</w>,-1.6363401412963867
melee</w>,-1.6399877071380615
tofthe,-1.6405431032180786
Ùĥ,-1.6416723728179932
amiibo</w>,-1.6460635662078855
sinai</w>,-1.6494219303131104
xley</w>,-1.6516531705856323
pitts,-1.6569093465805054
agron,-1.6615173816680908
wiggle</w>,-1.6657565832138062
selfish</w>,-1.6673847436904907
czech</w>,-1.6685768365859983
sein</w>,-1.6687554121017456
chemtrails</w>,-1.669715166091919
descrip,-1.670125126838684
ima,-1.6758036613464355
rw,-1.680632472038269
wing</w>,-1.684986591339111
schar,-1.6881526708602903
campaigners</w>,-1.6885416507720947
pious</w>,-1.6894816160202026
pais,-1.6968978643417358
getit</w>,-1.704797625541687
kerry</w>,-1.704859733581543
celebr,-1.7088254690170288
chur,-1.7107932567596436
dÃ©,-1.7150263786315918
ball,-1.7177554368972778
softly</w>,-1.7245004177093506
talents</w>,-1.7345154285430908
planets</w>,-1.7360327243804932
tzman</w>,-1.737415075302124
fortnite</w>,-1.737576246261597
descen,-1.737689733505249
orion</w>,-1.7377910614013672
partying</w>,-1.73919415473938
rupee</w>,-1.7404621839523315
hoch,-1.7408998012542725
jenn,-1.7420247793197632
commodore</w>,-1.7424330711364746
beetroot</w>,-1.7465780973434448
frag,-1.747544765472412
is</w>,-1.7476285696029663
weighted</w>,-1.7477585077285769
sonsof,-1.7478969097137451
nodes</w>,-1.752740502357483
entreprene,-1.755971074104309
ponies</w>,-1.7565257549285889
breaking</w>,-1.7580068111419678
favors</w>,-1.7592171430587769
lazy</w>,-1.7636436223983765
walsall</w>,-1.7645139694213867
ripley</w>,-1.7647725343704224
âĢĵ,-1.7649776935577393
deja</w>,-1.771040916442871
phx</w>,-1.772557020187378
akan</w>,-1.7726161479949951
insult</w>,-1.7731739282608032
submarine</w>,-1.7740250825881958
nasir</w>,-1.7761327028274536
rements</w>,-1.7771953344345093
repost</w>,-1.7800960540771484
preston</w>,-1.7801378965377808
maine,-1.7859442234039309
grape,-1.7876183986663818
lov</w>,-1.788662672042847
underestimate</w>,-1.7902028560638428
experience,-1.7905374765396118
fatty</w>,-1.7914382219314575
giri</w>,-1.7918113470077517
gametime</w>,-1.794301986694336
flight,-1.796040654182434
pikach,-1.802107572555542
aspir,-1.80664324760437
emilia</w>,-1.807288408279419
lgbt,-1.8080165386199951
contamination</w>,-1.8124439716339111
minne,-1.817076325416565
defl,-1.8192789554595947
normandy</w>,-1.819482445716858
palin</w>,-1.8213032484054563
futurism</w>,-1.825279712677002
thri,-1.825817346572876
southwest</w>,-1.826789617538452
heart</w>,-1.8281481266021729
okin,-1.831204414367676
patriot</w>,-1.8313348293304443
kswx</w>,-1.833731174468994
surrey</w>,-1.8346096277236936
gelato</w>,-1.8374491930007928
magical</w>,-1.8382614850997925
sauce</w>,-1.839527010917664
langu,-1.843946099281311
advent,-1.8455097675323489
sarasota</w>,-1.8465923070907595
spur</w>,-1.8470343351364136
pag,-1.8482615947723389
qualcomm</w>,-1.848509788513184
payne</w>,-1.8509806394577024
chinook</w>,-1.8520041704177856
ðŁį´</w>,-1.8524638414382928
harmed</w>,-1.8534506559371948
multit,-1.854596495628357
sqn</w>,-1.8637088537216189
phal,-1.866376876831055
ilio</w>,-1.87363350391388
adays</w>,-1.874770879745484
shadow,-1.875293493270874
triplets</w>,-1.87961220741272
........</w>,-1.8796359300613403
teacher,-1.883766889572144
curious</w>,-1.883776426315308
womanc,-1.88494074344635
K,-1.888729214668274
giorgio</w>,-1.8907763957977293
^.^</w>,-1.8933979272842407
ìĪ,-1.8937227725982664
ppor,-1.8938761949539185
fires</w>,-1.8940742015838623
ween,-1.8951551914215088
tion,-1.8952131271362305
icu</w>,-1.8978843688964844
sivity</w>,-1.898171305656433
pairs</w>,-1.901593565940857
ibiza</w>,-1.9031023979187007
mello</w>,-1.9053157567977903
lam,-1.9062234163284304
star,-1.9071801900863647
massacre</w>,-1.9108346700668333
notte</w>,-1.911160230636597
flights</w>,-1.9146827459335327
paints</w>,-1.915669560432434
playin</w>,-1.9213471412658687
moulin</w>,-1.9215507507324217
holly,-1.9219937324523928
demean,-1.922473669052124
glaci,-1.924377679824829
hv,-1.9245424270629885
freeze</w>,-1.926735997200012
apes</w>,-1.9267919063568115
honored</w>,-1.9270411729812624
viet,-1.9274556636810305
wrecked</w>,-1.928959965705872
balotelli</w>,-1.9294393062591555
choco,-1.930180311203003
itu</w>,-1.9303596019744875
illia</w>,-1.9306824207305908
hunk</w>,-1.9326306581497192
imminent</w>,-1.934459924697876
lÃ©,-1.9390712976455688
ðŁĻıðŁı»</w>,-1.939219951629639
naby</w>,-1.9402878284454343
mickey,-1.940740346908569
paddy,-1.942403078079224
dina</w>,-1.944525957107544
nuestra</w>,-1.9475340843200684
marched</w>,-1.9489059448242188
tranquility</w>,-1.949104070663452
nostalgic</w>,-1.9510469436645508
hercules</w>,-1.9518142938613887
thrombo,-1.951869249343872
sudan,-1.95474910736084
nephe,-1.9562063217163088
litt</w>,-1.956406712532044
floats</w>,-1.9573469161987305
tornado</w>,-1.959562063217163
internationaldayof,-1.960408329963684
evie</w>,-1.961537718772888
qf</w>,-1.9616553783416748
tipped</w>,-1.961763381958008
sammy,-1.962695956230164
outh,-1.96307635307312
commons</w>,-1.9636893272399905
stable</w>,-1.9641668796539309
balls</w>,-1.965691447257996
nintendo</w>,-1.9666900634765625
background</w>,-1.9683470726013184
pga</w>,-1.96940553188324
plur,-1.9725043773651123
tobi</w>,-1.973849296569824
awe,-1.9741400480270384
celebrations</w>,-1.9742571115493768
hume</w>,-1.9766948223114007
plum,-1.976755261421204
wer,-1.9782319068908687
touched</w>,-1.979425311088562
swfc</w>,-1.9839621782302856
whar,-1.9843047857284544
mario</w>,-1.986012935638428
fairies</w>,-1.9862678050994875
ä»,-1.989008903503418
francesca</w>,-1.9913302659988403
radford</w>,-1.9916332960128784
arts</w>,-1.991944432258606
grapevine</w>,-1.9929033517837524
nity</w>,-1.9930402040481567
nk,-1.993470907211304
ides</w>,-1.9937903881073
itz,-1.99532163143158
bavarian</w>,-1.99617338180542
smoke,-1.9969638586044312
digital</w>,-2.0000786781311035
saki</w>,-2.001128435134888
ìĬ¤,-2.0016417503356934
depre,-2.006293535232544
stabbed</w>,-2.006402969360352
solidi,-2.007513999938965
bolo</w>,-2.0076589584350586
labourdoorstep</w>,-2.0094714164733887
onna,-2.011817455291748
informed</w>,-2.011948585510254
planting</w>,-2.012399911880493
population</w>,-2.0135884284973145
pire,-2.01499080657959
aming</w>,-2.0153942108154297
à¤Ĥ</w>,-2.018542766571045
propeller</w>,-2.0213732719421387
answer</w>,-2.025592565536499
lub</w>,-2.0263991355896
cottage</w>,-2.027883529663086
submissions</w>,-2.0300047397613525
airport,-2.0335543155670166
yr,-2.035194158554077
strato,-2.036216259002685
chaw,-2.0363128185272217
alu</w>,-2.037015914916992
jim</w>,-2.0390050411224365
expansive</w>,-2.041316032409668
prefer,-2.0421018600463867
maj,-2.043753862380981
lottie</w>,-2.044262170791626
dif</w>,-2.0449306964874268
odo,-2.0459837913513184
esy,-2.04695463180542
adol,-2.0477170944213867
tulip</w>,-2.051966905593872
cherry,-2.054837942123413
ê·,-2.055428266525269
voli</w>,-2.0555574893951416
largo</w>,-2.055793046951294
crab,-2.0561976432800293
noti,-2.056776523590088
tau,-2.059180736541748
hio</w>,-2.0619215965271
dubs</w>,-2.063204288482666
lfc</w>,-2.064103126525879
mesm,-2.0656752586364746
ate,-2.0686700344085693
lone,-2.0689618587493896
dominant</w>,-2.070040464401245
prick</w>,-2.071647882461548
thra,-2.072890281677246
ariz,-2.073843002319336
vapor,-2.0753135681152344
natgeo,-2.075500965118408
figure</w>,-2.0780365467071533
deple,-2.0787253379821777
tand,-2.07919716835022
adopt,-2.0812032222747803
bumblebee</w>,-2.081930637359619
london</w>,-2.082178831100464
willy</w>,-2.083073854446411
sith</w>,-2.083696126937866
lgm</w>,-2.0849831104278564
restra,-2.0853710174560547
ðŁı¼âĢįâĻĢï¸ı</w>,-2.085519313812256
ðŁļ¨ðŁļ¨ðŁļ¨</w>,-2.08799409866333
bader</w>,-2.088651895523072
fluori,-2.088773012161255
egg</w>,-2.0888919830322266
kher</w>,-2.094401359558105
tail,-2.0948257446289062
anew</w>,-2.094958066940308
betes</w>,-2.095242500305176
sofia</w>,-2.095912456512451
bena</w>,-2.0959200859069824
sma</w>,-2.096697330474853
ador</w>,-2.097939729690552
ftp</w>,-2.1041290760040283
api,-2.104605197906494
chi</w>,-2.1052944660186768
mali,-2.107186079025269
geri</w>,-2.107785701751709
scubadiving</w>,-2.107807874679565
fizz</w>,-2.1098153591156006
ðŁĴªðŁı»</w>,-2.1113531589508057
ple</w>,-2.113718032836914
nik,-2.115290403366089
afil,-2.115718603134156
seÃ±,-2.1161837577819824
childs</w>,-2.11649227142334
ç,-2.1181325912475586
primaries</w>,-2.118138074874878
diet</w>,-2.1197476387023926
extinct</w>,-2.1204659938812256
stennis</w>,-2.1234066486358643
cussions</w>,-2.1237850189208984
tinker,-2.1239709854125977
ajes</w>,-2.12610125541687
tfw</w>,-2.127065896987915
china,-2.129732847213745
paramount</w>,-2.130171775817871
hala</w>,-2.130539894104004
talk</w>,-2.131950855255127
qt</w>,-2.132996797561645
biodiversity</w>,-2.134242296218872
âĿĹï¸ı</w>,-2.134420394897461
lehead</w>,-2.13592791557312
ðŁĶ´âļªï¸ı</w>,-2.1363210678100586
geom,-2.1383793354034424
tomato</w>,-2.139943599700928
asc,-2.1418023109436035
ferry</w>,-2.1423227787017822
astronomer</w>,-2.146298885345459
lockheed</w>,-2.146772623062134
hens</w>,-2.149768829345703
eney</w>,-2.150179386138916
bred</w>,-2.152745008468628
wny</w>,-2.153266668319702
outh</w>,-2.153935670852661
horse</w>,-2.1615309715271
proudtobe,-2.1616640090942383
kobe,-2.1625351905822754
cyborg</w>,-2.1629738807678223
shopped</w>,-2.1638882160186768
ald</w>,-2.165156364440918
pistachi,-2.166217088699341
mane</w>,-2.166725873947144
shipping</w>,-2.167344808578491
yz</w>,-2.168450117111206
ango</w>,-2.173626184463501
necessarily</w>,-2.174743413925171
prece,-2.1779332160949707
immunotherapy</w>,-2.1793854236602783
hair</w>,-2.181522846221924
mito,-2.182244300842285
aus</w>,-2.183633804321289
shells</w>,-2.1859652996063232
defend,-2.1861772537231445
Ã©al</w>,-2.1866910457611084
de,-2.1881632804870605
sykes</w>,-2.189908742904663
billings</w>,-2.1902735233306885
coral</w>,-2.191971778869629
hills</w>,-2.19240140914917
tum</w>,-2.1931231021881104
ðŁĮ,-2.1936135292053223
ough,-2.1939165592193604
tours</w>,-2.1961350440979004
tbo</w>,-2.196749687194824
orchard</w>,-2.197756290435791
âĻ¡âĻ¡âĻ¡</w>,-2.1979689598083496
ect</w>,-2.1987102031707764
mascots</w>,-2.199094295501709
firefox</w>,-2.200089454650879
beautiful,-2.200644969940185
antrim</w>,-2.202737331390381
joo</w>,-2.2028675079345703
wigs</w>,-2.2037911415100098
lilac</w>,-2.2051665782928467
tter,-2.2056946754455566
admi,-2.2098331451416016
xie,-2.210043430328369
singularity</w>,-2.2117180824279785
sunset,-2.2122013568878174
temples</w>,-2.2126739025115967
eventprofs</w>,-2.213348865509033
died</w>,-2.2147347927093506
skinned</w>,-2.2162539958953857
donetsk</w>,-2.218250274658203
pink</w>,-2.218377590179444
paprika</w>,-2.2195072174072266
truste,-2.2200965881347656
judah</w>,-2.221059799194336
atis</w>,-2.2225985527038574
rounding</w>,-2.2236835956573486
pasture</w>,-2.2244858741760254
johor</w>,-2.224575996398926
cheapest</w>,-2.2246439456939697
peoria</w>,-2.2271528244018555
hover,-2.2297754287719727
marse,-2.2311935424804688
Ãª,-2.231210470199585
clave</w>,-2.2335243225097656
ufos</w>,-2.235447406768799
abt</w>,-2.236790657043457
ness,-2.236895799636841
withdraws</w>,-2.236966133117676
ãĤ¤ãĥ,-2.2372779846191406
sangria</w>,-2.24001145362854
sundaywithmarsha</w>,-2.2402994632720947
pure,-2.2422707080841064
cooperation</w>,-2.2450129985809326
sadie</w>,-2.2483389377593994
candy,-2.248784065246582
jensen,-2.248854875564575
overload</w>,-2.2559611797332764
oooooooooooooooo,-2.260690927505493
birth,-2.263103485107422
joel,-2.263411521911621
cut,-2.2643637657165527
romantic,-2.2649147510528564
corsair</w>,-2.2651360034942627
marbella</w>,-2.265618085861206
tennessee</w>,-2.2664475440979004
reggae</w>,-2.266536235809326
kelowna</w>,-2.2672722339630127
á´,-2.268944025039673
filth</w>,-2.270403385162353
peren,-2.2712395191192627
koi</w>,-2.2735133171081543
ðŁĴĻðŁĴĻðŁĴĻ</w>,-2.2755093574523926
veld</w>,-2.277003765106201
cruises</w>,-2.283799886703491
tending</w>,-2.2881245613098145
owns</w>,-2.28910493850708
purdu,-2.289541244506836
ðŁĺħðŁĺħ</w>,-2.2936182022094727
asants</w>,-2.29711389541626
tora</w>,-2.2981348037719727
etis,-2.298421621322632
rising,-2.298922300338745
punish</w>,-2.3007471561431885
mountains</w>,-2.30164122581482
opau,-2.302140712738037
alp</w>,-2.302868366241455
gon,-2.303560972213745
aero</w>,-2.305752277374268
expressive</w>,-2.305955648422241
idy,-2.3063411712646484
block,-2.3072431087493896
beetles</w>,-2.308126449584961
delia</w>,-2.308823585510254
tenders</w>,-2.3097963333129883
ignor,-2.309877395629883
catastro,-2.310421705245972
hindus</w>,-2.310796976089477
marlin</w>,-2.3113067150115967
miche,-2.311650514602661
ìļ°,-2.313048839569092
afrika</w>,-2.3192837238311768
hop,-2.3194925785064697
âĺķ</w>,-2.322011947631836
plain,-2.3251898288726807
violets</w>,-2.327920198440552
colorado,-2.3280606269836426
witch</w>,-2.3301501274108887
popular,-2.3304033279418945
deacon</w>,-2.3314480781555176
oa</w>,-2.3325202465057373
aye,-2.33378267288208
iaf</w>,-2.334192991256714
seeks</w>,-2.334897518157959
dova</w>,-2.3367812633514404
tober</w>,-2.337148666381836
conquest</w>,-2.3400704860687256
healthye,-2.3412675857543945
apricot</w>,-2.3423268795013428
take,-2.342507123947144
fuller</w>,-2.344181537628174
Ã¼</w>,-2.3453965187072754
utt,-2.3463451862335205
ridge</w>,-2.3466546535491943
smp</w>,-2.349642276763916
warri,-2.350752115249634
sky,-2.3509225845336914
nont</w>,-2.352790117263794
sweetheart</w>,-2.353484869003296
bal,-2.35489559173584
retirement</w>,-2.3560709953308105
bhubaneswar</w>,-2.3582634925842285
kiddos</w>,-2.3596999645233154
matory</w>,-2.3606624603271484
drone</w>,-2.362679481506348
foyle</w>,-2.362781047821045
tive,-2.3632383346557617
ambed,-2.3633689880371094
phobia</w>,-2.363635540008545
ption</w>,-2.363821506500244
encro,-2.366284370422364
helicop,-2.366457462310791
compri,-2.366682529449463
victorias,-2.3667566776275635
westend</w>,-2.3670287132263184
nul,-2.369093418121338
coup</w>,-2.369536161422729
thunderbirds</w>,-2.3703596591949463
mumb,-2.3704733848571777
wineries</w>,-2.370500087738037
autum,-2.370673418045044
expansion</w>,-2.372112512588501
barnett</w>,-2.3724560737609863
choudhary</w>,-2.3732852935791016
hii</w>,-2.3733179569244385
cones</w>,-2.3742024898529053
ouring</w>,-2.374296426773072
mitch</w>,-2.375305414199829
ye,-2.377727508544922
Å</w>,-2.3789429664611816
hugh,-2.380865812301636
avoc,-2.382521629333496
payment</w>,-2.3825762271881104
()</w>,-2.3831467628479004
hu,-2.38383150100708
hepat,-2.384556770324707
abridged</w>,-2.3848700523376465
usemb,-2.3895134925842285
spike,-2.390142679214477
marbles</w>,-2.3924875259399414
lif,-2.392517328262329
aden</w>,-2.3952345848083496
beaumont</w>,-2.3956873416900635
michaela</w>,-2.396391153335572
salamat</w>,-2.397028923034668
stress,-2.399030923843384
giftide,-2.3994288444519043
ambro,-2.399914264678955
spride</w>,-2.402891159057617
river</w>,-2.403801918029785
trap,-2.405104160308838
bally</w>,-2.40535569190979
travelling</w>,-2.405734777450561
noc</w>,-2.4057834148406982
jesuit</w>,-2.40592360496521
alabam,-2.4086804389953613
probes</w>,-2.415525436401367
mauriti,-2.418687582015991
arr</w>,-2.419076681137085
twists</w>,-2.419080972671509
madre</w>,-2.4195306301116943
obe,-2.419776439666748
bertr,-2.421945333480835
gros</w>,-2.422945976257324
dz</w>,-2.425086736679077
fion,-2.4278812408447266
grazing</w>,-2.428428649902344
daytona</w>,-2.428701400756836
lick,-2.4304215908050537
geous</w>,-2.431190013885498
brgy</w>,-2.4316635131835938
ravin,-2.432399034500122
snare</w>,-2.432755947113037
arabs</w>,-2.432838201522827
circular</w>,-2.432847261428833
ae,-2.4332146644592285
bino,-2.4333949089050293
magni,-2.4381439685821533
jeremi,-2.4386584758758545
ary</w>,-2.439321994781494
yuv,-2.44093656539917
rak</w>,-2.4428534507751465
oka</w>,-2.4440786838531494
durango</w>,-2.445326566696167
skittles</w>,-2.4463210105896
wo,-2.4500627517700195
garty</w>,-2.450277805328369
energetic</w>,-2.450737237930298
arama</w>,-2.4509975910186768
appe</w>,-2.4511523246765137
hasn</w>,-2.451776027679444
grabs</w>,-2.4518930912017822
olu,-2.4529032707214355
link</w>,-2.4532837867736816
turner,-2.453663825988769
gawx</w>,-2.4540562629699707
tmc</w>,-2.454136610031128
swiss,-2.4559805393218994
ars,-2.457206964492798
tters</w>,-2.45750093460083
chel,-2.45851993560791
safer</w>,-2.4613492488861084
conceptart</w>,-2.462021589279175
naval,-2.463770866394043
fruit</w>,-2.4649877548217773
frit,-2.4659337997436523
farther</w>,-2.466781616210937
omination</w>,-2.4684314727783203
cats</w>,-2.4686119556427
drif,-2.4688162803649902
johan,-2.469226360321045
excited</w>,-2.471519947052002
cast</w>,-2.4727251529693604
sven</w>,-2.472819805145264
fina</w>,-2.473095178604126
thier</w>,-2.473319292068481
xe,-2.473320245742798
hairstyle</w>,-2.4736289978027344
ats,-2.473639488220215
boun,-2.47405219078064
hendrick</w>,-2.475964307785034
mo</w>,-2.4816901683807373
blackpanther</w>,-2.4823098182678223
bravery</w>,-2.4823708534240723
ure,-2.482919692993164
ðŁĵ·:</w>,-2.4839086532592773
has</w>,-2.4844889640808105
aac,-2.487506628036499
nano,-2.487657070159912
thun,-2.4898271560668945
uncle,-2.491217851638794
soars</w>,-2.491264581680298
berser,-2.491494655609131
ketball</w>,-2.4921083450317383
earth</w>,-2.492416858673096
orum</w>,-2.493000030517578
astral</w>,-2.4962520599365234
preparations</w>,-2.4969282150268555
enjoy,-2.497478008270264
brooks,-2.497587442398072
leic,-2.497713565826416
swar,-2.499295473098755
streamers</w>,-2.501953363418579
whether</w>,-2.5022640228271484
and,-2.503737449645996
èªķ,-2.5072057247161865
contact,-2.507322072982788
celebrating</w>,-2.508866310119629
hugely</w>,-2.513970136642456
physi,-2.514106273651123
joom,-2.514841079711914
goldberg</w>,-2.5150790214538574
ferries</w>,-2.51539945602417
lucha</w>,-2.515526533126831
albany</w>,-2.516940116882324
ðŁĶ¥</w>,-2.5174720287323
field</w>,-2.5181050300598145
bolivia</w>,-2.523416042327881
classmates</w>,-2.524082660675049
watchdog</w>,-2.5250816345214844
picturesque</w>,-2.5284464359283447
powerball</w>,-2.52849555015564
sking,-2.528764009475708
!...</w>,-2.528857946395874
cornell,-2.529395818710327
exceed</w>,-2.5294106006622314
mumbai,-2.5294408798217773
mun</w>,-2.5300776958465576
orthodox</w>,-2.532550573348999
ction,-2.534554243087769
walla</w>,-2.5364785194396973
juniors</w>,-2.538764238357544
swansea</w>,-2.538848876953125
color</w>,-2.539146661758423
dron,-2.541323184967041
touchdown</w>,-2.541365146636963
autumnal</w>,-2.5424489974975586
agt</w>,-2.543676853179932
shef,-2.5438385009765625
quare</w>,-2.5438501834869385
gandhi</w>,-2.545716524124145
vinny</w>,-2.54717230796814
bonkers</w>,-2.548603057861328
link,-2.549560308456421
teamusa</w>,-2.5503177642822266
viii</w>,-2.551595449447632
presidency</w>,-2.553234338760376
mood</w>,-2.553342342376709
ited,-2.554281711578369
elephants</w>,-2.5563230514526367
prop,-2.5568058490753174
ðŁĶ,-2.556832790374756
beverly</w>,-2.55890154838562
masks</w>,-2.5589966773986816
anagh</w>,-2.5592381954193115
petti,-2.559598207473755
moroc,-2.560116767883301
retri,-2.560745477676392
engv,-2.566030502319336
polly</w>,-2.566327810287476
phee</w>,-2.566490888595581
moi,-2.566912889480591
energy</w>,-2.567199468612671
hitter</w>,-2.567283391952514
buenas</w>,-2.567576169967652
near,-2.567910432815552
ni,-2.568411111831665
speech,-2.5692386627197266
em</w>,-2.5725514888763428
cranberries</w>,-2.5727884769439697
alternate</w>,-2.573771715164185
jp,-2.575101852416992
fan</w>,-2.575105905532837
fortnite,-2.57598090171814
mowing</w>,-2.5775933265686035
mant,-2.57812762260437
europa</w>,-2.579667091369629
sabcnews</w>,-2.579873323440552
oncology</w>,-2.5803163051605225
affl,-2.580582857131958
preseason</w>,-2.580693483352661
whale</w>,-2.580838918685913
snee,-2.581028699874878
guay</w>,-2.5811877250671387
soca</w>,-2.5813121795654297
ulster,-2.5826210975646973
carat</w>,-2.584322452545166
prize</w>,-2.5859837532043457
hap,-2.5862162113189697
abstract,-2.587217330932617
regen,-2.587331771850586
ambu,-2.58778977394104
revo,-2.588097333908081
lovelies</w>,-2.588207721710205
bee,-2.5907111167907715
isons</w>,-2.592172145843506
plane,-2.592238664627075
hs,-2.5975892543792725
gha,-2.5980348587036133
dy</w>,-2.598262548446656
experimenting</w>,-2.5988690853118896
hiker</w>,-2.5989577770233154
bouquet</w>,-2.600684404373169
intothe,-2.6013412475585938
gle</w>,-2.6021761894226074
premiere</w>,-2.6031949520111084
decides</w>,-2.6039698123931885
ind,-2.6052114963531494
counties</w>,-2.606473207473755
snapback</w>,-2.6087067127227783
pele</w>,-2.6087656021118164
gav,-2.6089556217193604
ssel,-2.609471321105957
ë,-2.609749317169189
agan</w>,-2.6107754707336426
seniors</w>,-2.611700296401977
ila</w>,-2.611806154251098
jillian</w>,-2.612907648086548
elie</w>,-2.6133289337158203
titles</w>,-2.615401029586792
macedonia</w>,-2.615769624710083
achieve,-2.6165590286254883
sevilla</w>,-2.61702847480774
farmer</w>,-2.617034912109375
micky</w>,-2.617273092269897
produce</w>,-2.617475986480713
caregiver</w>,-2.618134021759033
ask,-2.619983434677124
spiro,-2.6204962730407715
lending</w>,-2.624147891998291
baja</w>,-2.6247758865356445
burg,-2.626849889755249
ë°©,-2.6268930435180664
favorited</w>,-2.627851724624634
athy</w>,-2.628084897994995
comicart</w>,-2.629855871200561
fleece</w>,-2.6325795650482178
rao</w>,-2.634524345397949
voltron</w>,-2.6361117362976074
zumba</w>,-2.638269186019897
cpr</w>,-2.6391568183898926
tes,-2.639526128768921
sway</w>,-2.640134811401367
lsd</w>,-2.6424360275268555
adid,-2.643630027770996
wad,-2.644167184829712
athi</w>,-2.644181251525879
dutch,-2.644282817840576
heartless</w>,-2.64461088180542
breakaway</w>,-2.6450119018554688
aze,-2.6451992988586426
basel,-2.6480653285980225
bonnaroo</w>,-2.648193836212158
imaginative</w>,-2.648353338241577
lisse</w>,-2.651912212371826
to</w>,-2.652381658554077
constable</w>,-2.6525914669036865
ðŁĴ¿</w>,-2.653371572494507
cudd,-2.6539831161499023
quets</w>,-2.654362678527832
grandes</w>,-2.6551320552825928
icity</w>,-2.655739545822144
wisconsin</w>,-2.659751892089844
blood</w>,-2.659788131713867
kathmandu</w>,-2.6604015827178955
tonga</w>,-2.6617281436920166
kohl</w>,-2.6622745990753174
bil,-2.6624672412872314
theno,-2.6628623008728027
drunk</w>,-2.6640942096710205
mester</w>,-2.665413379669189
climate</w>,-2.666597843170166
therapeu,-2.666814088821411
keepers</w>,-2.6676363945007324
hilari,-2.668358564376831
ette</w>,-2.671547174453736
flirting</w>,-2.673801898956299
worthit</w>,-2.6744329929351807
strife</w>,-2.674622058868408
isle,-2.675366163253784
famed</w>,-2.675611972808838
entine</w>,-2.676560163497925
âĢįâĻĢï¸ı,-2.6767382621765137
familytravel</w>,-2.6780447959899902
defect</w>,-2.679668664932251
niger,-2.6809473037719727
ëĤ,-2.6815075874328613
soar</w>,-2.6817188262939453
flam,-2.6836071014404297
bble</w>,-2.6841044425964355
thi</w>,-2.684251308441162
beet</w>,-2.6846392154693604
titans</w>,-2.684713840484619
renais,-2.6862611770629883
ernie</w>,-2.686426877975464
ðŁĺĻ,-2.6866726875305176
wanna,-2.6870577335357666
dove,-2.689706563949585
gogo</w>,-2.6901214122772217
colony</w>,-2.692157745361328
vintag,-2.6921722888946533
jasmin,-2.695075511932373
priceless</w>,-2.6954610347747803
instag,-2.695878744125366
dame</w>,-2.6963672637939453
sont</w>,-2.6967618465423584
apia</w>,-2.6969752311706543
heroes</w>,-2.699533462524414
bery</w>,-2.7010068893432617
stevie,-2.701517343521118
wamy</w>,-2.702093601226806
dfc</w>,-2.702176094055176
outlook</w>,-2.702265501022339
peel,-2.703188419342041
mmit</w>,-2.703296661376953
hardwick</w>,-2.7037341594696045
iss,-2.704157829284668
artificial,-2.70420241355896
yom</w>,-2.7057206630706787
berts</w>,-2.706206083297729
analytics</w>,-2.7065041065216064
qanon</w>,-2.706970930099488
provided</w>,-2.7080647945404053
paranor,-2.7082059383392334
ury</w>,-2.7091081142425537
hamill</w>,-2.712066173553467
tentative</w>,-2.712291955947876
avel,-2.71389102935791
vu</w>,-2.7144458293914795
aver</w>,-2.7150166034698486
underage</w>,-2.7177088260650635
inmy,-2.717734813690185
flaun,-2.718825340270996
rockets</w>,-2.72198486328125
twins</w>,-2.722498178482056
ddr</w>,-2.72266697883606
lowry</w>,-2.7230889797210693
maswar,-2.7269222736358643
fh</w>,-2.728040933609009
gatherings</w>,-2.729633331298828
sping</w>,-2.7302956581115723
azzur,-2.7303762435913086
rapi,-2.73046612739563
ore</w>,-2.732351303100586
deterior,-2.734081029891968
far,-2.7358736991882324
pati</w>,-2.736168622970581
spacex</w>,-2.739381790161133
deduc,-2.7403035163879395
dreamy</w>,-2.7408430576324463
ambient</w>,-2.741158962249756
uman</w>,-2.7412326335906982
(ðŁĵ¸</w>,-2.7417430877685547
consultation</w>,-2.742899179458618
date,-2.743705034255981
der,-2.7463011741638184
peaks</w>,-2.746640205383301
special,-2.746954202651977
ical</w>,-2.7473843097686768
wheels</w>,-2.74847412109375
ipl</w>,-2.749023675918579
Äģ,-2.750175714492798
skies</w>,-2.750380516052246
harb,-2.750467538833618
moha,-2.7506892681121826
cloudy</w>,-2.7508254051208496
homme</w>,-2.75103759765625
Â«</w>,-2.751551628112793
ðŁĻĭ,-2.7516775131225586
sut,-2.7519030570983887
ies,-2.7524030208587646
.?</w>,-2.752781867980957
ethnicity</w>,-2.7529213428497314
aub</w>,-2.754547595977783
coy</w>,-2.754572629928589
mping</w>,-2.75562071800232
hai,-2.7573609352111816
agility</w>,-2.758500099182129
ðŁļĢðŁļĢ,-2.7605438232421875
widely</w>,-2.7609283924102783
andres</w>,-2.7614662647247314
miho</w>,-2.7616043090820312
mahi,-2.763278245925904
flores</w>,-2.763554096221924
theroad</w>,-2.7635607719421387
wilson,-2.7641282081604004
waltdisneyworld</w>,-2.7647147178649902
arose</w>,-2.764967679977417
morrha,-2.7652413845062256
amaz,-2.768892526626587
hectares</w>,-2.7699759006500244
souza</w>,-2.7709081172943115
olives</w>,-2.7729926109313965
adjun,-2.7731192111968994
botany</w>,-2.7738192081451416
umbrel,-2.7738940715789795
trio</w>,-2.774847984313965
lama</w>,-2.7774460315704346
ghat</w>,-2.778618574142456
imagin,-2.78272008895874
stray</w>,-2.78430438041687
isaiah</w>,-2.785273313522339
pomegran,-2.785743236541748
eer</w>,-2.78633975982666
deutsche</w>,-2.7864532470703125
colours</w>,-2.7867441177368164
sunk</w>,-2.787424087524414
awards,-2.787609100341797
grapefruit</w>,-2.78764271736145
fray</w>,-2.7885501384735107
ðŁĺı,-2.7892768383026123
tilt</w>,-2.7894835472106934
speed</w>,-2.7895987033843994
atric,-2.7904484272003174
moody</w>,-2.790656328201294
bl</w>,-2.7910501956939697
slap,-2.79194712638855
yak,-2.793295383453369
supp,-2.793890953063965
wasnt</w>,-2.794297218322754
honoured</w>,-2.7964656352996826
wbb</w>,-2.7973058223724365
rucker</w>,-2.797956943511963
court</w>,-2.798092126846313
baahu,-2.7982823848724365
wadi</w>,-2.798939943313598
tendency</w>,-2.798993825912476
appreci,-2.7990810871124268
mind,-2.7993595600128174
maiden</w>,-2.7995004653930664
brentwood</w>,-2.800812005996704
aunt</w>,-2.8018643856048584
â,-2.8025267124176025
discovery,-2.802553176879883
expanse</w>,-2.804211378097534
happ,-2.8046765327453613
patriarch</w>,-2.8048436641693115
horses</w>,-2.804860115051269
transaction</w>,-2.806116104125977
woes</w>,-2.806848526000977
bubblegum</w>,-2.8076908588409424
slc</w>,-2.8078200817108154
mmorpg</w>,-2.808320999145508
earthandclouds</w>,-2.808945178985596
raine,-2.8098843097686768
hyung,-2.810250759124756
rhin,-2.810523509979248
hani</w>,-2.8116273880004883
dfw</w>,-2.8121590614318848
H,-2.8132245540618896
cit,-2.8144214153289795
covers</w>,-2.815126895904541
best,-2.815342426300049
eyewitness</w>,-2.816736221313477
bibi</w>,-2.8171095848083496
fleeing</w>,-2.8175086975097656
comedian</w>,-2.8188023567199707
tedly</w>,-2.8188905715942383
trident</w>,-2.8190407752990723
mitchell,-2.821489095687866
clich,-2.8215808868408203
gazing</w>,-2.821601629257202
haj</w>,-2.821680784225464
globe</w>,-2.822500944137573
gye,-2.823533296585083
andi,-2.8240764141082764
norfolk,-2.825456619262696
mango</w>,-2.8264451026916504
parlour</w>,-2.8271944522857666
against</w>,-2.8272738456726074
surprise</w>,-2.8290350437164307
fish</w>,-2.830806016921997
callahan</w>,-2.830994129180908
semifinal</w>,-2.831183910369873
evangelist</w>,-2.831590414047241
finch</w>,-2.831592321395874
soothing</w>,-2.8318631649017334
reunite</w>,-2.832099199295044
chfield</w>,-2.8321216106414795
lunes</w>,-2.833026885986328
clermont</w>,-2.833268165588379
turing</w>,-2.833475112915039
gathers</w>,-2.833953857421875
mysteries</w>,-2.8342792987823486
newcomers</w>,-2.835988998413086
skipping</w>,-2.836339473724365
screaming</w>,-2.836427688598633
ations</w>,-2.836567640304565
dixit</w>,-2.8367648124694824
adjac,-2.836851119995117
encies</w>,-2.8372509479522705
headed</w>,-2.838295221328736
globalhealth</w>,-2.838480234146118
cruise,-2.8385660648345947
pulse</w>,-2.840829610824585
fridays</w>,-2.8416574001312256
avfc</w>,-2.8427488803863525
washingtondc</w>,-2.8436200618743896
ðŁİħ,-2.845174789428711
reigning</w>,-2.8458011150360107
millar</w>,-2.8465871810913086
ðŁİ§</w>,-2.846795082092285
classic,-2.847164869308472
ghty</w>,-2.847403287887573
bubba</w>,-2.8475122451782227
aan</w>,-2.848411321640014
brilli,-2.8484506607055664
playing,-2.848623991012573
grit,-2.848883628845215
ðŁĴĸ,-2.8508379459381104
sion,-2.851823329925537
fabio</w>,-2.8521268367767334
toyo,-2.8528876304626465
portsm,-2.85318660736084
subsequ,-2.8572592735290527
coed</w>,-2.858270168304444
bravo,-2.8584721088409424
repor,-2.858585357666016
jharkhand</w>,-2.8591294288635254
beetle</w>,-2.860812425613404
aping</w>,-2.863278865814209
superrugby</w>,-2.8637986183166504
sail</w>,-2.867671012878418
yoshi</w>,-2.8678102493286133
tow,-2.8680543899536133
ynn</w>,-2.8683953285217285
innocence</w>,-2.8716843128204346
ðŁİ®</w>,-2.871987819671631
portal</w>,-2.8728435039520264
freshers</w>,-2.8734793663024902
julian,-2.8747057914733887
daphne</w>,-2.8763413429260254
somes</w>,-2.878359794616699
directive</w>,-2.878441095352173
kinder,-2.8790228366851807
apache</w>,-2.881319999694824
ay,-2.881685256958008
sted,-2.882399559020996
swing,-2.882875442504883
atra,-2.882887363433838
edmund</w>,-2.882969856262207
elmer</w>,-2.883082151412964
hazel,-2.8846237659454346
currant</w>,-2.885871648788452
village,-2.885918140411377
shu,-2.886245012283325
wiltshire</w>,-2.886563777923584
stunts</w>,-2.886650323867798
kam</w>,-2.886932849884033
iger,-2.88706111907959
een,-2.887221097946167
raspberry</w>,-2.887411594390869
clown</w>,-2.8876395225524902
nameis,-2.8878633975982666
derdale</w>,-2.888299465179444
childcare</w>,-2.888336181640625
bild</w>,-2.889718532562256
ox,-2.8897581100463867
frankie</w>,-2.8897900581359863
pius</w>,-2.890162467956543
inquiry</w>,-2.890317678451538
orni,-2.8905153274536133
calci,-2.891594409942627
yard</w>,-2.892087459564209
anada</w>,-2.892486333847046
kota</w>,-2.8927886486053467
brilliant</w>,-2.893107652664185
......</w>,-2.893315315246582
sgate</w>,-2.89406967163086
fios</w>,-2.894193410873413
commen,-2.894839286804199
nuke</w>,-2.895183801651001
respect,-2.89558219909668
paneli,-2.895616054534912
crush</w>,-2.897073268890381
buddhism</w>,-2.898029565811157
sweetness</w>,-2.8980860710144043
size,-2.898995876312256
scar</w>,-2.8992955684661865
idyl,-2.900085926055908
mourn</w>,-2.9004504680633545
cey</w>,-2.901440382003784
silicon</w>,-2.901450157165528
western,-2.9015111923217773
rowe</w>,-2.901893138885498
lo</w>,-2.90226149559021
kannada</w>,-2.9024665355682373
highly</w>,-2.902743339538574
doit,-2.903856039047241
geronimo</w>,-2.906498670578003
sheffield</w>,-2.907699584960937
zenith</w>,-2.9078168869018555
insi,-2.908994197845459
itive</w>,-2.9090166091918945
ðŁĩ«ðŁĩ·</w>,-2.9098808765411377
cricketer</w>,-2.91099500656128
teatro</w>,-2.9110074043273926
rescuing</w>,-2.911210775375366
collects</w>,-2.91121768951416
cred,-2.911245584487915
rum,-2.912287712097168
yun,-2.91385555267334
smol</w>,-2.91389799118042
nurturing</w>,-2.9143104553222656
ate</w>,-2.914707660675049
reunion</w>,-2.9153077602386475
pala</w>,-2.915449857711792
wide,-2.9167304039001465
xton,-2.9170961380004883
alas</w>,-2.917144298553467
spring</w>,-2.917421579360962
ya,-2.917730569839477
mble,-2.9183919429779053
ddu</w>,-2.918895959854126
hanuk,-2.919019222259521
ľ,-2.919304847717285
emmanuel,-2.9193789958953857
excell,-2.921193599700928
treatment</w>,-2.921616315841675
initiation</w>,-2.9229211807250977
leen</w>,-2.92334508895874
lac,-2.923682689666748
rother,-2.9245498180389404
enhance</w>,-2.9248757362365723
inten,-2.9286813735961914
remembrance</w>,-2.932303667068481
lookout</w>,-2.932854652404785
eo,-2.93289852142334
potted</w>,-2.9334192276000977
beat</w>,-2.934473991394043
quipment</w>,-2.935587406158448
realm</w>,-2.935766696929932
ej,-2.935868501663208
flipping</w>,-2.937964677810669
canada</w>,-2.93809175491333
rosse</w>,-2.938201904296875
uhuru</w>,-2.9392635822296143
gracing</w>,-2.940846443176269
random,-2.940947294235229
harmon,-2.941143035888672
execution</w>,-2.941469430923462
cared</w>,-2.94183349609375
ito</w>,-2.941868782043457
behold</w>,-2.9422366619110107
arus</w>,-2.9427359104156494
chattanoo,-2.9432830810546875
mis,-2.944165706634521
¥,-2.94450306892395
reig,-2.945978879928589
beet,-2.9461865425109863
roosters</w>,-2.946338653564453
gita</w>,-2.9463789463043213
preli,-2.9464211463928223
science,-2.9466614723205566
smile,-2.947065830230713
heimer</w>,-2.947316646575928
tulips</w>,-2.947825193405152
petri,-2.948225498199463
staur,-2.949070930480957
awww</w>,-2.9491262435913086
stopbrexit</w>,-2.9491567611694336
excelsi,-2.9493207931518555
screwdriver</w>,-2.952585935592652
amon,-2.952735185623169
null</w>,-2.952848196029663
tero</w>,-2.95298719406128
wego,-2.953000545501709
unreal</w>,-2.9531948566436768
à¸§</w>,-2.9535775184631348
enroute</w>,-2.954685688018799
diet,-2.955498695373535
ah,-2.9557127952575684
schumer</w>,-2.9557130336761475
leblanc</w>,-2.9565658569335938
grimsby</w>,-2.956598997116089
mozzarella</w>,-2.9567296504974365
scot,-2.9575905799865723
alfar,-2.957840919494629
farra,-2.958576202392578
cauliflower</w>,-2.9589333534240723
net,-2.958948850631714
gnation</w>,-2.960180759429932
probability</w>,-2.960862874984741
pruning</w>,-2.96273136138916
personal,-2.9631876945495605
kalamazoo</w>,-2.963257074356079
disneyland,-2.9634313583374023
united,-2.9645659923553467
skill</w>,-2.9650747776031494
israel</w>,-2.965766429901123
carrots</w>,-2.966127157211304
vor,-2.966183423995972
ising</w>,-2.9674227237701416
locate</w>,-2.968055486679077
stunner</w>,-2.9683215618133545
mcbride</w>,-2.968322515487671
inary</w>,-2.969205141067505
kingdomhearts</w>,-2.9711034297943115
olph</w>,-2.9715685844421387
blur</w>,-2.97198486328125
vikings</w>,-2.972111701965332
ono,-2.9722557067871094
ppery</w>,-2.97270131111145
ytd</w>,-2.973102807998657
volution</w>,-2.973307847976685
fanart</w>,-2.973350763320923
grim</w>,-2.973433017730713
tl,-2.973708152770996
afford</w>,-2.9738712310791016
marist</w>,-2.974560499191284
ckey</w>,-2.975050210952759
ding</w>,-2.97550368309021
gerald</w>,-2.975737333297729
trophies</w>,-2.977150678634644
after,-2.977425098419189
garten</w>,-2.9784412384033203
ak</w>,-2.980339527130127
fortnight</w>,-2.9804320335388184
fiesta</w>,-2.9811248779296875
mult,-2.9811573028564453
freck,-2.9823756217956543
âı©</w>,-2.982844352722168
apolog,-2.983097791671753
offshore</w>,-2.9842071533203125
zetta</w>,-2.984901666641236
sergey</w>,-2.9862451553344727
autonomy</w>,-2.9862923622131348
blat,-2.987622022628784
athletics</w>,-2.9885287284851074
pk</w>,-2.988609790802002
mariano</w>,-2.989754438400269
injec,-2.9898197650909424
ram,-2.98982048034668
ems</w>,-2.9906601905822754
hann,-2.990978240966797
invaded</w>,-2.9912126064300537
salah</w>,-2.99165153503418
zuma</w>,-2.9921815395355225
watchers</w>,-2.993565559387207
aladdin</w>,-2.993724822998047
eves</w>,-2.9941134452819824
colour</w>,-2.9942047595977783
slain</w>,-2.9954211711883545
metroid</w>,-2.995468616485596
ricket</w>,-2.995473861694336
teamwork</w>,-2.996015787124634
guillermo</w>,-2.996795415878296
not,-2.9971065521240234
oper</w>,-2.997334718704224
orangu,-2.998915672302246
azwx</w>,-2.998945474624634
cester</w>,-2.999647855758667
